variable,Dimensionality,Description,SUEWS-related variables,Dimensionality Remarks
albmin_evetr,0,Effective surface albedo (middle of the day value) for wintertime (not including snow).,`AlbedoMin <https://suews-docs.readthedocs.io/en/latest/input_files/SUEWS_SiteInfo/Input_Options.html#cmdoption-arg-albedomin>`_,Scalar
maxconductance,"(3,)",The maximum conductance of each vegetation or surface type. [mm |s^-1|],`MaxConductance <https://suews-docs.readthedocs.io/en/latest/input_files/SUEWS_SiteInfo/Input_Options.html#cmdoption-arg-maxconductance>`_,3: See variable description for specifics
irrfracgrass,0,Fraction of `Grass` that is irrigated [-],`IrrFr_Grass <https://suews-docs.readthedocs.io/en/latest/input_files/SUEWS_SiteInfo/Input_Options.html#cmdoption-arg-irrfr-grass>`_,Scalar
ie_end,0,Day when irrigation ends [DOY],`Ie_end <https://suews-docs.readthedocs.io/en/latest/input_files/SUEWS_SiteInfo/Input_Options.html#cmdoption-arg-ie-end>`_,Scalar
g1,0,Related to maximum surface conductance [mm |s^-1|],`G1 <https://suews-docs.readthedocs.io/en/latest/input_files/SUEWS_SiteInfo/Input_Options.html#cmdoption-arg-g1>`_,Scalar
t_critic_heating,"(2,)",Critical heating temperature.,"`TCritic_Heating_WD <https://suews-docs.readthedocs.io/en/latest/input_files/SUEWS_SiteInfo/Input_Options.html#cmdoption-arg-tcritic-heating-wd>`_, `TCritic_Heating_WE <https://suews-docs.readthedocs.io/en/latest/input_files/SUEWS_SiteInfo/Input_Options.html#cmdoption-arg-tcritic-heating-we>`_",2: Weekday and Weekend
g4,0,Related to VPD dependence [units depend on `gsModel`],`G4 <https://suews-docs.readthedocs.io/en/latest/input_files/SUEWS_SiteInfo/Input_Options.html#cmdoption-arg-g4>`_,Scalar
qf_a,"(2,)",Base value for QF calculation.,"`QF_A_WD <https://suews-docs.readthedocs.io/en/latest/input_files/SUEWS_SiteInfo/Input_Options.html#cmdoption-arg-qf-a-wd>`_, `QF_A_WE <https://suews-docs.readthedocs.io/en/latest/input_files/SUEWS_SiteInfo/Input_Options.html#cmdoption-arg-qf-a-we>`_",2: Weekday and Weekend
pormax_dec,0,full leaf-on summertime value Used only for `DecTr` (can affect roughness calculation),`PorosityMax <https://suews-docs.readthedocs.io/en/latest/input_files/SUEWS_SiteInfo/Input_Options.html#cmdoption-arg-porositymax>`_,Scalar
runofftowater,0,Fraction of above-ground runoff flowing to water surface during flooding [-],`RunoffToWater <https://suews-docs.readthedocs.io/en/latest/input_files/SUEWS_SiteInfo/Input_Options.html#cmdoption-arg-runofftowater>`_,Scalar
ohm_threshwd,"(8,)",Soil moisture threshold determining whether wet/dry OHM coefficients are applied [-],`OHMThresh_WD <https://suews-docs.readthedocs.io/en/latest/input_files/SUEWS_SiteInfo/Input_Options.html#cmdoption-arg-ohmthresh-wd>`_,8: Seven SUEWS land cover types and one extra land cover type (currently NOT used)
g2,0,Related to Kdown dependence [W |m^-2|],`G2 <https://suews-docs.readthedocs.io/en/latest/input_files/SUEWS_SiteInfo/Input_Options.html#cmdoption-arg-g2>`_,Scalar
ie_m,"(3,)",Coefficient for manual irrigation model.,"`Ie_m1 <https://suews-docs.readthedocs.io/en/latest/input_files/SUEWS_SiteInfo/Input_Options.html#cmdoption-arg-ie-m1>`_, `Ie_m2 <https://suews-docs.readthedocs.io/en/latest/input_files/SUEWS_SiteInfo/Input_Options.html#cmdoption-arg-ie-m2>`_, `Ie_m3 <https://suews-docs.readthedocs.io/en/latest/input_files/SUEWS_SiteInfo/Input_Options.html#cmdoption-arg-ie-m3>`_",3: See variable description for specifics
dectreeh,0,Mean height of deciduous trees [m],`H_DecTr <https://suews-docs.readthedocs.io/en/latest/input_files/SUEWS_SiteInfo/Input_Options.html#cmdoption-arg-h-dectr>`_,Scalar
surfacearea,0,Area of the grid [ha].,`SurfaceArea <https://suews-docs.readthedocs.io/en/latest/input_files/SUEWS_SiteInfo/Input_Options.html#cmdoption-arg-surfacearea>`_,Scalar
enddls,0,End of the day light savings [DOY],`EndDLS <https://suews-docs.readthedocs.io/en/latest/input_files/SUEWS_SiteInfo/Input_Options.html#cmdoption-arg-enddls>`_,Scalar
ohm_coef,"(8, 4, 3)",Coefficients for OHM calculation.,"`a1 <https://suews-docs.readthedocs.io/en/latest/input_files/SUEWS_SiteInfo/Input_Options.html#cmdoption-arg-a1>`_, `a2 <https://suews-docs.readthedocs.io/en/latest/input_files/SUEWS_SiteInfo/Input_Options.html#cmdoption-arg-a2>`_, `a3 <https://suews-docs.readthedocs.io/en/latest/input_files/SUEWS_SiteInfo/Input_Options.html#cmdoption-arg-a3>`_","8: Seven SUEWS land cover types and one extra land cover type (currently NOT used); 4: SummerWet, SummerDry, WinterWet, WinterDry; 3: a1, a2, a3"
resp_a,"(3,)",Respiration coeﬃcient a.,`resp_a <https://suews-docs.readthedocs.io/en/latest/input_files/SUEWS_SiteInfo/Input_Options.html#cmdoption-arg-resp-a>`_,3: See variable description for specifics
tau_r,0,Time constant for snow density ageing [-],`tau_r <https://suews-docs.readthedocs.io/en/latest/input_files/SUEWS_SiteInfo/Input_Options.html#cmdoption-arg-tau-r>`_,Scalar
flowchange,0,Difference in input and output flows for water surface [mm |h^-1|],`FlowChange <https://suews-docs.readthedocs.io/en/latest/input_files/SUEWS_SiteInfo/Input_Options.html#cmdoption-arg-flowchange>`_,Scalar
basethdd,0,Base temperature for heating degree days [°C],`BaseTHDD <https://suews-docs.readthedocs.io/en/latest/input_files/SUEWS_SiteInfo/Input_Options.html#cmdoption-arg-basethdd>`_,Scalar
zdm_in,0,Zero-plane displacement [m],`zd <https://suews-docs.readthedocs.io/en/latest/input_files/SUEWS_SiteInfo/Input_Options.html#cmdoption-arg-zd>`_,Scalar
alb,"(7,)",Effective surface albedo (middle of the day value) for summertime.,`AlbedoMax <https://suews-docs.readthedocs.io/en/latest/input_files/SUEWS_SiteInfo/Input_Options.html#cmdoption-arg-albedomax>`_,"7: Seven SUEWS land cover types ordered as `Paved`, `Bldgs`, `EveTr`, `DecTr`, `Grass`, `BSoil` and `Water`"
laipower,"(4, 3)",parameters required by LAI calculation.,"`LeafGrowthPower1 <https://suews-docs.readthedocs.io/en/latest/input_files/SUEWS_SiteInfo/Input_Options.html#cmdoption-arg-leafgrowthpower1>`_, `LeafGrowthPower2 <https://suews-docs.readthedocs.io/en/latest/input_files/SUEWS_SiteInfo/Input_Options.html#cmdoption-arg-leafgrowthpower2>`_, `LeafOffPower1 <https://suews-docs.readthedocs.io/en/latest/input_files/SUEWS_SiteInfo/Input_Options.html#cmdoption-arg-leafoffpower1>`_, `LeafOffPower2 <https://suews-docs.readthedocs.io/en/latest/input_files/SUEWS_SiteInfo/Input_Options.html#cmdoption-arg-leafoffpower2>`_","4: See variable description for specifics; 3: Three vegetated land cover types (`EveTr`, `DecTr`, `Grass`)"
crwmax,0,Maximum water holding capacity of snow [mm],`CRWMax <https://suews-docs.readthedocs.io/en/latest/input_files/SUEWS_SiteInfo/Input_Options.html#cmdoption-arg-crwmax>`_,Scalar
rainmaxres,0,Maximum water bucket reservoir [mm] Used for LUMPS surface wetness control.,`LUMPS_MaxRes <https://suews-docs.readthedocs.io/en/latest/input_files/SUEWS_SiteInfo/Input_Options.html#cmdoption-arg-lumps-maxres>`_,Scalar
faidectree,0,Frontal area index for deciduous trees [-],`FAI_DecTr <https://suews-docs.readthedocs.io/en/latest/input_files/SUEWS_SiteInfo/Input_Options.html#cmdoption-arg-fai-dectr>`_,Scalar
z,0,Measurement height [m].,`z <https://suews-docs.readthedocs.io/en/latest/input_files/SUEWS_SiteInfo/Input_Options.html#cmdoption-arg-z>`_,Scalar
popprof_24hr,"(24, 2)",Hourly profile values used in dynamic population estimation.,"`PopProfWD <https://suews-docs.readthedocs.io/en/latest/input_files/SUEWS_SiteInfo/Input_Options.html#cmdoption-arg-popprofwd>`_, `PopProfWE <https://suews-docs.readthedocs.io/en/latest/input_files/SUEWS_SiteInfo/Input_Options.html#cmdoption-arg-popprofwe>`_",24: hours of a day; 2: Weekday and Weekend
sathydraulicconduct,"(7,)",Hydraulic conductivity for saturated soil [mm |s^-1|],`SatHydraulicCond <https://suews-docs.readthedocs.io/en/latest/input_files/SUEWS_SiteInfo/Input_Options.html#cmdoption-arg-sathydrauliccond>`_,"7: Seven SUEWS land cover types ordered as `Paved`, `Bldgs`, `EveTr`, `DecTr`, `Grass`, `BSoil` and `Water`"
irrfracconif,0,Fraction of evergreen trees that are irrigated [-],`IrrFr_EveTr <https://suews-docs.readthedocs.io/en/latest/input_files/SUEWS_SiteInfo/Input_Options.html#cmdoption-arg-irrfr-evetr>`_,Scalar
tau_a,0,Time constant for snow albedo aging in cold snow [-],`tau_a <https://suews-docs.readthedocs.io/en/latest/input_files/SUEWS_SiteInfo/Input_Options.html#cmdoption-arg-tau-a>`_,Scalar
ie_start,0,Day when irrigation starts [DOY],`Ie_start <https://suews-docs.readthedocs.io/en/latest/input_files/SUEWS_SiteInfo/Input_Options.html#cmdoption-arg-ie-start>`_,Scalar
th,0,Upper air temperature limit [°C],`TH <https://suews-docs.readthedocs.io/en/latest/input_files/SUEWS_SiteInfo/Input_Options.html#cmdoption-arg-th>`_,Scalar
z0m_in,0,Roughness length for momentum [m],`z0 <https://suews-docs.readthedocs.io/en/latest/input_files/SUEWS_SiteInfo/Input_Options.html#cmdoption-arg-z0>`_,Scalar
alpha_bioco2,"(3,)",The mean apparent ecosystem quantum. Represents the initial slope of the light-response curve.,`alpha <https://suews-docs.readthedocs.io/en/latest/input_files/SUEWS_SiteInfo/Input_Options.html#cmdoption-arg-alpha>`_,3: See variable description for specifics
ohm_threshsw,"(8,)",Temperature threshold determining whether summer/winter OHM coefficients are applied [°C],`OHMThresh_SW <https://suews-docs.readthedocs.io/en/latest/input_files/SUEWS_SiteInfo/Input_Options.html#cmdoption-arg-ohmthresh-sw>`_,8: Seven SUEWS land cover types and one extra land cover type (currently NOT used)
g5,0,Related to temperature dependence [°C],`G5 <https://suews-docs.readthedocs.io/en/latest/input_files/SUEWS_SiteInfo/Input_Options.html#cmdoption-arg-g5>`_,Scalar
traffprof_24hr,"(24, 2)",Hourly profile values used in traffic activity calculation.,"`TraffProfWD <https://suews-docs.readthedocs.io/en/latest/input_files/SUEWS_SiteInfo/Input_Options.html#cmdoption-arg-traffprofwd>`_, `TraffProfWE <https://suews-docs.readthedocs.io/en/latest/input_files/SUEWS_SiteInfo/Input_Options.html#cmdoption-arg-traffprofwe>`_",24: hours of a day; 2: Weekday and Weekend
laimin,"(3,)",leaf-off wintertime value,`LAIMin <https://suews-docs.readthedocs.io/en/latest/input_files/SUEWS_SiteInfo/Input_Options.html#cmdoption-arg-laimin>`_,3: See variable description for specifics
snowprof_24hr,"(24, 2)",Hourly profile values used in snow clearing.,"`SnowClearingProfWD <https://suews-docs.readthedocs.io/en/latest/input_files/SUEWS_SiteInfo/Input_Options.html#cmdoption-arg-snowclearingprofwd>`_, `SnowClearingProfWE <https://suews-docs.readthedocs.io/en/latest/input_files/SUEWS_SiteInfo/Input_Options.html#cmdoption-arg-snowclearingprofwe>`_",24: hours of a day; 2: Weekday and Weekend
wetthresh,"(7,)",Depth of water which determines whether evaporation occurs from a partially wet or completely wet surface [mm].,`WetThreshold <https://suews-docs.readthedocs.io/en/latest/input_files/SUEWS_SiteInfo/Input_Options.html#cmdoption-arg-wetthreshold>`_,"7: Seven SUEWS land cover types ordered as `Paved`, `Bldgs`, `EveTr`, `DecTr`, `Grass`, `BSoil` and `Water`"
frfossilfuel_heat,0,Fraction of fossil fuels used for building heating [-],`FrFossilFuel_Heat <https://suews-docs.readthedocs.io/en/latest/input_files/SUEWS_SiteInfo/Input_Options.html#cmdoption-arg-frfossilfuel-heat>`_,Scalar
bldgh,0,Mean building height [m],`H_Bldgs <https://suews-docs.readthedocs.io/en/latest/input_files/SUEWS_SiteInfo/Input_Options.html#cmdoption-arg-h-bldgs>`_,Scalar
theta_bioco2,"(3,)",The convexity of the curve at light saturation.,`theta <https://suews-docs.readthedocs.io/en/latest/input_files/SUEWS_SiteInfo/Input_Options.html#cmdoption-arg-theta>`_,3: See variable description for specifics
internalwateruse_h,0,Internal water use [mm |h^-1|],`InternalWaterUse <https://suews-docs.readthedocs.io/en/latest/input_files/SUEWS_SiteInfo/Input_Options.html#cmdoption-arg-internalwateruse>`_,Scalar
evetreeh,0,Mean height of evergreen trees [m],`H_EveTr <https://suews-docs.readthedocs.io/en/latest/input_files/SUEWS_SiteInfo/Input_Options.html#cmdoption-arg-h-evetr>`_,Scalar
frfossilfuel_nonheat,0,Fraction of fossil fuels used for building energy use [-],`FrFossilFuel_NonHeat <https://suews-docs.readthedocs.io/en/latest/input_files/SUEWS_SiteInfo/Input_Options.html#cmdoption-arg-frfossilfuel-nonheat>`_,Scalar
qf_b,"(2,)",Parameter related to heating degree days.,"`QF_B_WD <https://suews-docs.readthedocs.io/en/latest/input_files/SUEWS_SiteInfo/Input_Options.html#cmdoption-arg-qf-b-wd>`_, `QF_B_WE <https://suews-docs.readthedocs.io/en/latest/input_files/SUEWS_SiteInfo/Input_Options.html#cmdoption-arg-qf-b-we>`_",2: Weekday and Weekend
beta_bioco2,"(3,)",The light-saturated gross photosynthesis of the canopy. [umol |m^-2| |s^-1| ],`beta <https://suews-docs.readthedocs.io/en/latest/input_files/SUEWS_SiteInfo/Input_Options.html#cmdoption-arg-beta>`_,3: See variable description for specifics
faievetree,0,Frontal area index for evergreen trees [-],`FAI_EveTr <https://suews-docs.readthedocs.io/en/latest/input_files/SUEWS_SiteInfo/Input_Options.html#cmdoption-arg-fai-evetr>`_,Scalar
waterdist,"(8, 6)",Fraction of water redistribution,"`ToBSoil <https://suews-docs.readthedocs.io/en/latest/input_files/SUEWS_SiteInfo/Input_Options.html#cmdoption-arg-tobsoil>`_, `ToBldgs <https://suews-docs.readthedocs.io/en/latest/input_files/SUEWS_SiteInfo/Input_Options.html#cmdoption-arg-tobldgs>`_, `ToDecTr <https://suews-docs.readthedocs.io/en/latest/input_files/SUEWS_SiteInfo/Input_Options.html#cmdoption-arg-todectr>`_, `ToEveTr <https://suews-docs.readthedocs.io/en/latest/input_files/SUEWS_SiteInfo/Input_Options.html#cmdoption-arg-toevetr>`_, `ToGrass <https://suews-docs.readthedocs.io/en/latest/input_files/SUEWS_SiteInfo/Input_Options.html#cmdoption-arg-tograss>`_, `ToPaved <https://suews-docs.readthedocs.io/en/latest/input_files/SUEWS_SiteInfo/Input_Options.html#cmdoption-arg-topaved>`_, `ToRunoff <https://suews-docs.readthedocs.io/en/latest/input_files/SUEWS_SiteInfo/Input_Options.html#cmdoption-arg-torunoff>`_, `ToSoilStore <https://suews-docs.readthedocs.io/en/latest/input_files/SUEWS_SiteInfo/Input_Options.html#cmdoption-arg-tosoilstore>`_, `ToWater <https://suews-docs.readthedocs.io/en/latest/input_files/SUEWS_SiteInfo/Input_Options.html#cmdoption-arg-towater>`_",8: Seven SUEWS land cover types and Runoff/SoilStore as water receiver; 6: SUEWS land cover types other than water as water contributors
snowd,"(7,)",Limit for the snow water equivalent when snow cover starts to be patchy [mm],`SnowLimPatch <https://suews-docs.readthedocs.io/en/latest/input_files/SUEWS_SiteInfo/Input_Options.html#cmdoption-arg-snowlimpatch>`_,"7: Seven SUEWS land cover types ordered as `Paved`, `Bldgs`, `EveTr`, `DecTr`, `Grass`, `BSoil` and `Water`"
wuprofa_24hr,"(24, 2)",Hourly profile values used in automatic irrigation.,"`WaterUseProfAutoWD <https://suews-docs.readthedocs.io/en/latest/input_files/SUEWS_SiteInfo/Input_Options.html#cmdoption-arg-wateruseprofautowd>`_, `WaterUseProfAutoWE <https://suews-docs.readthedocs.io/en/latest/input_files/SUEWS_SiteInfo/Input_Options.html#cmdoption-arg-wateruseprofautowe>`_",24: hours of a day; 2: Weekday and Weekend
faibldg,0,Frontal area index for buildings [-],`FAI_Bldgs <https://suews-docs.readthedocs.io/en/latest/input_files/SUEWS_SiteInfo/Input_Options.html#cmdoption-arg-fai-bldgs>`_,Scalar
qf0_beu,"(2,)",Building energy use [W |m^-2|],"`QF0_BEU_WD <https://suews-docs.readthedocs.io/en/latest/input_files/SUEWS_SiteInfo/Input_Options.html#cmdoption-arg-qf0-beu-wd>`_, `QF0_BEU_WE <https://suews-docs.readthedocs.io/en/latest/input_files/SUEWS_SiteInfo/Input_Options.html#cmdoption-arg-qf0-beu-we>`_",2: Weekday and Weekend
radmeltfact,0,Hourly radiation melt factor of snow [mm |w^-1| |h^-1|],`RadMeltFactor <https://suews-docs.readthedocs.io/en/latest/input_files/SUEWS_SiteInfo/Input_Options.html#cmdoption-arg-radmeltfactor>`_,Scalar
tempmeltfact,0,Hourly temperature melt factor of snow [mm |K^-1| |h^-1|],`TempMeltFactor <https://suews-docs.readthedocs.io/en/latest/input_files/SUEWS_SiteInfo/Input_Options.html#cmdoption-arg-tempmeltfactor>`_,Scalar
gddfull,"(3,)",The growing degree days (GDD) needed for full capacity of the leaf area index (LAI) [°C].,`GDDFull <https://suews-docs.readthedocs.io/en/latest/input_files/SUEWS_SiteInfo/Input_Options.html#cmdoption-arg-gddfull>`_,3: See variable description for specifics
sddfull,"(3,)",The sensesence degree days (SDD) needed to initiate leaf off. [°C],`SDDFull <https://suews-docs.readthedocs.io/en/latest/input_files/SUEWS_SiteInfo/Input_Options.html#cmdoption-arg-sddfull>`_,3: See variable description for specifics
daywat,"(7,)",Irrigation flag: 1 for on and 0 for off.,"`DayWat(1) <https://suews-docs.readthedocs.io/en/latest/input_files/SUEWS_SiteInfo/Input_Options.html#cmdoption-arg-daywat-1>`_, `DayWat(2) <https://suews-docs.readthedocs.io/en/latest/input_files/SUEWS_SiteInfo/Input_Options.html#cmdoption-arg-daywat-2>`_, `DayWat(3) <https://suews-docs.readthedocs.io/en/latest/input_files/SUEWS_SiteInfo/Input_Options.html#cmdoption-arg-daywat-3>`_, `DayWat(4) <https://suews-docs.readthedocs.io/en/latest/input_files/SUEWS_SiteInfo/Input_Options.html#cmdoption-arg-daywat-4>`_, `DayWat(5) <https://suews-docs.readthedocs.io/en/latest/input_files/SUEWS_SiteInfo/Input_Options.html#cmdoption-arg-daywat-5>`_, `DayWat(6) <https://suews-docs.readthedocs.io/en/latest/input_files/SUEWS_SiteInfo/Input_Options.html#cmdoption-arg-daywat-6>`_, `DayWat(7) <https://suews-docs.readthedocs.io/en/latest/input_files/SUEWS_SiteInfo/Input_Options.html#cmdoption-arg-daywat-7>`_",7: Seven days of a week: from Sunday to Saturday
albmax_grass,0,Effective surface albedo (middle of the day value) for summertime.,`AlbedoMax <https://suews-docs.readthedocs.io/en/latest/input_files/SUEWS_SiteInfo/Input_Options.html#cmdoption-arg-albedomax>`_,Scalar
preciplimit,0,Limit for hourly snowfall when the ground is fully covered with snow [mm],`PrecipLimSnow <https://suews-docs.readthedocs.io/en/latest/input_files/SUEWS_SiteInfo/Input_Options.html#cmdoption-arg-preciplimsnow>`_,Scalar
snowdensmin,0,Fresh snow density [kg |m^-3|],`SnowDensMin <https://suews-docs.readthedocs.io/en/latest/input_files/SUEWS_SiteInfo/Input_Options.html#cmdoption-arg-snowdensmin>`_,Scalar
albmax_dectr,0,Effective surface albedo (middle of the day value) for summertime.,`AlbedoMax <https://suews-docs.readthedocs.io/en/latest/input_files/SUEWS_SiteInfo/Input_Options.html#cmdoption-arg-albedomax>`_,Scalar
trafficrate,"(2,)",Traffic rate used for CO2 flux calculation.,"`TrafficRate_WD <https://suews-docs.readthedocs.io/en/latest/input_files/SUEWS_SiteInfo/Input_Options.html#cmdoption-arg-trafficrate-wd>`_, `TrafficRate_WE <https://suews-docs.readthedocs.io/en/latest/input_files/SUEWS_SiteInfo/Input_Options.html#cmdoption-arg-trafficrate-we>`_",2: Weekday and Weekend
g3,0,Related to VPD dependence [units depend on `gsModel`],`G3 <https://suews-docs.readthedocs.io/en/latest/input_files/SUEWS_SiteInfo/Input_Options.html#cmdoption-arg-g3>`_,Scalar
lat,0,Latitude [deg].,`lat <https://suews-docs.readthedocs.io/en/latest/input_files/SUEWS_SiteInfo/Input_Options.html#cmdoption-arg-lat>`_,Scalar
fcef_v_kgkm,0,CO2 emission factor [kg |km^-1|],`FcEF_v_kgkm <https://suews-docs.readthedocs.io/en/latest/input_files/SUEWS_SiteInfo/Input_Options.html#cmdoption-arg-fcef-v-kgkm>`_,Scalar
lng,0,longitude [deg],`lng <https://suews-docs.readthedocs.io/en/latest/input_files/SUEWS_SiteInfo/Input_Options.html#cmdoption-arg-lng>`_,Scalar
soildepth,"(7,)",Depth of soil beneath the surface [mm],`SoilDepth <https://suews-docs.readthedocs.io/en/latest/input_files/SUEWS_SiteInfo/Input_Options.html#cmdoption-arg-soildepth>`_,"7: Seven SUEWS land cover types ordered as `Paved`, `Bldgs`, `EveTr`, `DecTr`, `Grass`, `BSoil` and `Water`"
drainrt,0,Drainage rate of bucket for LUMPS [mm |h^-1|],`LUMPS_DrRate <https://suews-docs.readthedocs.io/en/latest/input_files/SUEWS_SiteInfo/Input_Options.html#cmdoption-arg-lumps-drrate>`_,Scalar
humactivity_24hr,"(24, 2)",Hourly profile values used in human activity calculation.,"`ActivityProfWD <https://suews-docs.readthedocs.io/en/latest/input_files/SUEWS_SiteInfo/Input_Options.html#cmdoption-arg-activityprofwd>`_, `ActivityProfWE <https://suews-docs.readthedocs.io/en/latest/input_files/SUEWS_SiteInfo/Input_Options.html#cmdoption-arg-activityprofwe>`_",24: hours of a day; 2: Weekday and Weekend
enef_v_jkm,0,Emission factor for heat [J k|m^-1|].,`EnEF_v_Jkm <https://suews-docs.readthedocs.io/en/latest/input_files/SUEWS_SiteInfo/Input_Options.html#cmdoption-arg-enef-v-jkm>`_,Scalar
ie_a,"(3,)",Coefficient for automatic irrigation model.,"`Ie_a1 <https://suews-docs.readthedocs.io/en/latest/input_files/SUEWS_SiteInfo/Input_Options.html#cmdoption-arg-ie-a1>`_, `Ie_a2 <https://suews-docs.readthedocs.io/en/latest/input_files/SUEWS_SiteInfo/Input_Options.html#cmdoption-arg-ie-a2>`_, `Ie_a3 <https://suews-docs.readthedocs.io/en/latest/input_files/SUEWS_SiteInfo/Input_Options.html#cmdoption-arg-ie-a3>`_",3: See variable description for specifics
laitype,"(3,)",LAI calculation choice.,`LAIEq <https://suews-docs.readthedocs.io/en/latest/input_files/SUEWS_SiteInfo/Input_Options.html#cmdoption-arg-laieq>`_,3: See variable description for specifics
ah_slope_cooling,"(2,)",Cooling slope of QF calculation.,"`AHSlope_Cooling_WD <https://suews-docs.readthedocs.io/en/latest/input_files/SUEWS_SiteInfo/Input_Options.html#cmdoption-arg-ahslope-cooling-wd>`_, `AHSlope_Cooling_WE <https://suews-docs.readthedocs.io/en/latest/input_files/SUEWS_SiteInfo/Input_Options.html#cmdoption-arg-ahslope-cooling-we>`_",2: Weekday and Weekend
narp_trans_site,0,Atmospheric transmissivity for NARP [-],`NARP_Trans <https://suews-docs.readthedocs.io/en/latest/input_files/SUEWS_SiteInfo/Input_Options.html#cmdoption-arg-narp-trans>`_,Scalar
s2,0,A parameter related to soil moisture dependence [mm],`S2 <https://suews-docs.readthedocs.io/en/latest/input_files/SUEWS_SiteInfo/Input_Options.html#cmdoption-arg-s2>`_,Scalar
ah_min,"(2,)",Minimum QF values.,"`AHMin_WD <https://suews-docs.readthedocs.io/en/latest/input_files/SUEWS_SiteInfo/Input_Options.html#cmdoption-arg-ahmin-wd>`_, `AHMin_WE <https://suews-docs.readthedocs.io/en/latest/input_files/SUEWS_SiteInfo/Input_Options.html#cmdoption-arg-ahmin-we>`_",2: Weekday and Weekend
beta_enh_bioco2,"(3,)",Part of the `beta` coeﬃcient related to the fraction of vegetation.,`beta_enh <https://suews-docs.readthedocs.io/en/latest/input_files/SUEWS_SiteInfo/Input_Options.html#cmdoption-arg-beta-enh>`_,3: See variable description for specifics
snowalbmin,0,Effective surface albedo (middle of the day value) for wintertime (not including snow).,`AlbedoMin <https://suews-docs.readthedocs.io/en/latest/input_files/SUEWS_SiteInfo/Input_Options.html#cmdoption-arg-albedomin>`_,Scalar
resp_b,"(3,)",Respiration coeﬃcient b - related to air temperature dependency.,`resp_b <https://suews-docs.readthedocs.io/en/latest/input_files/SUEWS_SiteInfo/Input_Options.html#cmdoption-arg-resp-b>`_,3: See variable description for specifics
snowdensmax,0,Maximum snow density [kg |m^-3|],`SnowDensMax <https://suews-docs.readthedocs.io/en/latest/input_files/SUEWS_SiteInfo/Input_Options.html#cmdoption-arg-snowdensmax>`_,Scalar
baset,"(3,)",Base Temperature for initiating growing degree days (GDD) for leaf growth. [°C],`BaseT <https://suews-docs.readthedocs.io/en/latest/input_files/SUEWS_SiteInfo/Input_Options.html#cmdoption-arg-baset>`_,3: See variable description for specifics
gsmodel,0,Formulation choice for conductance calculation.,`gsModel <https://suews-docs.readthedocs.io/en/latest/input_files/SUEWS_SiteInfo/Input_Options.html#cmdoption-arg-gsmodel>`_,Scalar
popdensdaytime,0,"Daytime population density (i.e. workers, tourists) [people |ha^-1|]",`PopDensDay <https://suews-docs.readthedocs.io/en/latest/input_files/SUEWS_SiteInfo/Input_Options.html#cmdoption-arg-popdensday>`_,Scalar
snowalbmax,0,Effective surface albedo (middle of the day value) for summertime.,`AlbedoMax <https://suews-docs.readthedocs.io/en/latest/input_files/SUEWS_SiteInfo/Input_Options.html#cmdoption-arg-albedomax>`_,Scalar
laimax,"(3,)",full leaf-on summertime value,`LAIMax <https://suews-docs.readthedocs.io/en/latest/input_files/SUEWS_SiteInfo/Input_Options.html#cmdoption-arg-laimax>`_,3: See variable description for specifics
pormin_dec,0,leaf-off wintertime value Used only for `DecTr` (can affect roughness calculation),`PorosityMin <https://suews-docs.readthedocs.io/en/latest/input_files/SUEWS_SiteInfo/Input_Options.html#cmdoption-arg-porositymin>`_,Scalar
maxqfmetab,0,Maximum value for human heat emission. [W |m^-2|],`MaxQFMetab <https://suews-docs.readthedocs.io/en/latest/input_files/SUEWS_SiteInfo/Input_Options.html#cmdoption-arg-maxqfmetab>`_,Scalar
tau_f,0,Time constant for snow albedo aging in melting snow [-],`tau_f <https://suews-docs.readthedocs.io/en/latest/input_files/SUEWS_SiteInfo/Input_Options.html#cmdoption-arg-tau-f>`_,Scalar
tl,0,Lower air temperature limit [°C],`TL <https://suews-docs.readthedocs.io/en/latest/input_files/SUEWS_SiteInfo/Input_Options.html#cmdoption-arg-tl>`_,Scalar
sfr,"(7,)",Surface cover fractions.,"`Fr_Bldgs <https://suews-docs.readthedocs.io/en/latest/input_files/SUEWS_SiteInfo/Input_Options.html#cmdoption-arg-fr-bldgs>`_, `Fr_Bsoil <https://suews-docs.readthedocs.io/en/latest/input_files/SUEWS_SiteInfo/Input_Options.html#cmdoption-arg-fr-bsoil>`_, `Fr_DecTr <https://suews-docs.readthedocs.io/en/latest/input_files/SUEWS_SiteInfo/Input_Options.html#cmdoption-arg-fr-dectr>`_, `Fr_EveTr <https://suews-docs.readthedocs.io/en/latest/input_files/SUEWS_SiteInfo/Input_Options.html#cmdoption-arg-fr-evetr>`_, `Fr_Grass <https://suews-docs.readthedocs.io/en/latest/input_files/SUEWS_SiteInfo/Input_Options.html#cmdoption-arg-fr-grass>`_, `Fr_Paved <https://suews-docs.readthedocs.io/en/latest/input_files/SUEWS_SiteInfo/Input_Options.html#cmdoption-arg-fr-paved>`_, `Fr_Water <https://suews-docs.readthedocs.io/en/latest/input_files/SUEWS_SiteInfo/Input_Options.html#cmdoption-arg-fr-water>`_","7: Seven SUEWS land cover types ordered as `Paved`, `Bldgs`, `EveTr`, `DecTr`, `Grass`, `BSoil` and `Water`"
ah_slope_heating,"(2,)",Heating slope of QF calculation.,"`AHSlope_Heating_WD <https://suews-docs.readthedocs.io/en/latest/input_files/SUEWS_SiteInfo/Input_Options.html#cmdoption-arg-ahslope-heating-wd>`_, `AHSlope_Heating_WE <https://suews-docs.readthedocs.io/en/latest/input_files/SUEWS_SiteInfo/Input_Options.html#cmdoption-arg-ahslope-heating-we>`_",2: Weekday and Weekend
alt,0,Used for both the radiation and water flow between grids.,`Alt <https://suews-docs.readthedocs.io/en/latest/input_files/SUEWS_SiteInfo/Input_Options.html#cmdoption-arg-alt>`_,Scalar
timezone,0,Time zone [h] for site relative to UTC (east is positive). This should be set according to the times given in the meteorological forcing file(s).,`Timezone <https://suews-docs.readthedocs.io/en/latest/input_files/SUEWS_SiteInfo/Input_Options.html#cmdoption-arg-timezone>`_,Scalar
ahprof_24hr,"(24, 2)",Hourly profile values used in energy use calculation.,"`EnergyUseProfWD <https://suews-docs.readthedocs.io/en/latest/input_files/SUEWS_SiteInfo/Input_Options.html#cmdoption-arg-energyuseprofwd>`_, `EnergyUseProfWE <https://suews-docs.readthedocs.io/en/latest/input_files/SUEWS_SiteInfo/Input_Options.html#cmdoption-arg-energyuseprofwe>`_",24: hours of a day; 2: Weekday and Weekend
albmax_evetr,0,Effective surface albedo (middle of the day value) for summertime.,`AlbedoMax <https://suews-docs.readthedocs.io/en/latest/input_files/SUEWS_SiteInfo/Input_Options.html#cmdoption-arg-albedomax>`_,Scalar
g6,0,Related to soil moisture dependence [|mm^-1|],`G6 <https://suews-docs.readthedocs.io/en/latest/input_files/SUEWS_SiteInfo/Input_Options.html#cmdoption-arg-g6>`_,Scalar
snowlimbuild,0,Limit of the snow water equivalent for snow removal from roads and roofs [mm],`SnowLimRemove <https://suews-docs.readthedocs.io/en/latest/input_files/SUEWS_SiteInfo/Input_Options.html#cmdoption-arg-snowlimremove>`_,Scalar
irrfracdecid,0,Fraction of deciduous trees that are irrigated [-],`IrrFr_DecTr <https://suews-docs.readthedocs.io/en/latest/input_files/SUEWS_SiteInfo/Input_Options.html#cmdoption-arg-irrfr-dectr>`_,Scalar
albmin_grass,0,Effective surface albedo (middle of the day value) for wintertime (not including snow).,`AlbedoMin <https://suews-docs.readthedocs.io/en/latest/input_files/SUEWS_SiteInfo/Input_Options.html#cmdoption-arg-albedomin>`_,Scalar
ef_umolco2perj,0,Emission factor for fuels used for building heating.,`EF_umolCO2perJ <https://suews-docs.readthedocs.io/en/latest/input_files/SUEWS_SiteInfo/Input_Options.html#cmdoption-arg-ef-umolco2perj>`_,Scalar
trafficunits,0,Units for the traffic rate for the study area. Not used in v2018a.,`TrafficUnits <https://suews-docs.readthedocs.io/en/latest/input_files/SUEWS_SiteInfo/Input_Options.html#cmdoption-arg-trafficunits>`_,Scalar
min_res_bioco2,"(3,)",Minimum soil respiration rate (for cold-temperature limit) [umol |m^-2| |s^-1|].,`min_respi <https://suews-docs.readthedocs.io/en/latest/input_files/SUEWS_SiteInfo/Input_Options.html#cmdoption-arg-min-respi>`_,3: See variable description for specifics
chanohm,"(7,)",Bulk transfer coefficient for this surface to use in AnOHM [-],`AnOHM_Ch <https://suews-docs.readthedocs.io/en/latest/input_files/SUEWS_SiteInfo/Input_Options.html#cmdoption-arg-anohm-ch>`_,"7: Seven SUEWS land cover types ordered as `Paved`, `Bldgs`, `EveTr`, `DecTr`, `Grass`, `BSoil` and `Water`"
raincover,0,Limit when surface totally covered with water for LUMPS [mm],`LUMPS_Cover <https://suews-docs.readthedocs.io/en/latest/input_files/SUEWS_SiteInfo/Input_Options.html#cmdoption-arg-lumps-cover>`_,Scalar
statelimit,"(7,)",Upper limit to the surface state. [mm],`StateLimit <https://suews-docs.readthedocs.io/en/latest/input_files/SUEWS_SiteInfo/Input_Options.html#cmdoption-arg-statelimit>`_,"7: Seven SUEWS land cover types ordered as `Paved`, `Bldgs`, `EveTr`, `DecTr`, `Grass`, `BSoil` and `Water`"
kkanohm,"(7,)",Thermal conductivity for this surface to use in AnOHM [W m |K^-1|],`AnOHM_Kk <https://suews-docs.readthedocs.io/en/latest/input_files/SUEWS_SiteInfo/Input_Options.html#cmdoption-arg-anohm-kk>`_,"7: Seven SUEWS land cover types ordered as `Paved`, `Bldgs`, `EveTr`, `DecTr`, `Grass`, `BSoil` and `Water`"
qf_c,"(2,)",Parameter related to heating degree days.,"`QF_C_WD <https://suews-docs.readthedocs.io/en/latest/input_files/SUEWS_SiteInfo/Input_Options.html#cmdoption-arg-qf-c-wd>`_, `QF_C_WE <https://suews-docs.readthedocs.io/en/latest/input_files/SUEWS_SiteInfo/Input_Options.html#cmdoption-arg-qf-c-we>`_",2: Weekday and Weekend
crwmin,0,Minimum water holding capacity of snow [mm],`CRWMin <https://suews-docs.readthedocs.io/en/latest/input_files/SUEWS_SiteInfo/Input_Options.html#cmdoption-arg-crwmin>`_,Scalar
pipecapacity,0,Storage capacity of pipes [mm],`PipeCapacity <https://suews-docs.readthedocs.io/en/latest/input_files/SUEWS_SiteInfo/Input_Options.html#cmdoption-arg-pipecapacity>`_,Scalar
alpha_enh_bioco2,"(3,)",Part of the `alpha` coeﬃcient related to the fraction of vegetation.,`alpha_enh <https://suews-docs.readthedocs.io/en/latest/input_files/SUEWS_SiteInfo/Input_Options.html#cmdoption-arg-alpha-enh>`_,3: See variable description for specifics
storedrainprm,"(6, 7)",Coefficients used in drainage calculation.,"`DrainageCoef1 <https://suews-docs.readthedocs.io/en/latest/input_files/SUEWS_SiteInfo/Input_Options.html#cmdoption-arg-drainagecoef1>`_, `DrainageCoef2 <https://suews-docs.readthedocs.io/en/latest/input_files/SUEWS_SiteInfo/Input_Options.html#cmdoption-arg-drainagecoef2>`_, `DrainageEq <https://suews-docs.readthedocs.io/en/latest/input_files/SUEWS_SiteInfo/Input_Options.html#cmdoption-arg-drainageeq>`_, `StorageMax <https://suews-docs.readthedocs.io/en/latest/input_files/SUEWS_SiteInfo/Input_Options.html#cmdoption-arg-storagemax>`_, `StorageMin <https://suews-docs.readthedocs.io/en/latest/input_files/SUEWS_SiteInfo/Input_Options.html#cmdoption-arg-storagemin>`_","6: See variable description for specifics; 7: Seven SUEWS land cover types ordered as `Paved`, `Bldgs`, `EveTr`, `DecTr`, `Grass`, `BSoil` and `Water`"
snowlimpaved,0,Limit of the snow water equivalent for snow removal from roads and roofs [mm],`SnowLimRemove <https://suews-docs.readthedocs.io/en/latest/input_files/SUEWS_SiteInfo/Input_Options.html#cmdoption-arg-snowlimremove>`_,Scalar
kmax,0,Maximum incoming shortwave radiation [W |m^-2|],`Kmax <https://suews-docs.readthedocs.io/en/latest/input_files/SUEWS_SiteInfo/Input_Options.html#cmdoption-arg-kmax>`_,Scalar
narp_emis_snow,0,Effective surface emissivity.,`Emissivity <https://suews-docs.readthedocs.io/en/latest/input_files/SUEWS_SiteInfo/Input_Options.html#cmdoption-arg-emissivity>`_,Scalar
soilstorecap,"(7,)",Limit value for `SoilDepth` [mm],`SoilStoreCap <https://suews-docs.readthedocs.io/en/latest/input_files/SUEWS_SiteInfo/Input_Options.html#cmdoption-arg-soilstorecap>`_,"7: Seven SUEWS land cover types ordered as `Paved`, `Bldgs`, `EveTr`, `DecTr`, `Grass`, `BSoil` and `Water`"
capmax_dec,0,Maximum water storage capacity for upper surfaces (i.e. canopy),`StorageMax <https://suews-docs.readthedocs.io/en/latest/input_files/SUEWS_SiteInfo/Input_Options.html#cmdoption-arg-storagemax>`_,Scalar
emis,"(7,)",Effective surface emissivity.,`Emissivity <https://suews-docs.readthedocs.io/en/latest/input_files/SUEWS_SiteInfo/Input_Options.html#cmdoption-arg-emissivity>`_,"7: Seven SUEWS land cover types ordered as `Paved`, `Bldgs`, `EveTr`, `DecTr`, `Grass`, `BSoil` and `Water`"
daywatper,"(7,)",Fraction of properties using irrigation for each day of a week.,"`DayWatPer(1) <https://suews-docs.readthedocs.io/en/latest/input_files/SUEWS_SiteInfo/Input_Options.html#cmdoption-arg-daywatper-1>`_, `DayWatPer(2) <https://suews-docs.readthedocs.io/en/latest/input_files/SUEWS_SiteInfo/Input_Options.html#cmdoption-arg-daywatper-2>`_, `DayWatPer(3) <https://suews-docs.readthedocs.io/en/latest/input_files/SUEWS_SiteInfo/Input_Options.html#cmdoption-arg-daywatper-3>`_, `DayWatPer(4) <https://suews-docs.readthedocs.io/en/latest/input_files/SUEWS_SiteInfo/Input_Options.html#cmdoption-arg-daywatper-4>`_, `DayWatPer(5) <https://suews-docs.readthedocs.io/en/latest/input_files/SUEWS_SiteInfo/Input_Options.html#cmdoption-arg-daywatper-5>`_, `DayWatPer(6) <https://suews-docs.readthedocs.io/en/latest/input_files/SUEWS_SiteInfo/Input_Options.html#cmdoption-arg-daywatper-6>`_, `DayWatPer(7) <https://suews-docs.readthedocs.io/en/latest/input_files/SUEWS_SiteInfo/Input_Options.html#cmdoption-arg-daywatper-7>`_",7: Seven days of a week: from Sunday to Saturday
t_critic_cooling,"(2,)",Critical cooling temperature.,"`TCritic_Cooling_WD <https://suews-docs.readthedocs.io/en/latest/input_files/SUEWS_SiteInfo/Input_Options.html#cmdoption-arg-tcritic-cooling-wd>`_, `TCritic_Cooling_WE <https://suews-docs.readthedocs.io/en/latest/input_files/SUEWS_SiteInfo/Input_Options.html#cmdoption-arg-tcritic-cooling-we>`_",2: Weekday and Weekend
wuprofm_24hr,"(24, 2)",Hourly profile values used in manual irrigation.,"`WaterUseProfManuWD <https://suews-docs.readthedocs.io/en/latest/input_files/SUEWS_SiteInfo/Input_Options.html#cmdoption-arg-wateruseprofmanuwd>`_, `WaterUseProfManuWE <https://suews-docs.readthedocs.io/en/latest/input_files/SUEWS_SiteInfo/Input_Options.html#cmdoption-arg-wateruseprofmanuwe>`_",24: hours of a day; 2: Weekday and Weekend
popdensnighttime,0,Night-time population density (i.e. residents) [people |ha^-1|],`PopDensNight <https://suews-docs.readthedocs.io/en/latest/input_files/SUEWS_SiteInfo/Input_Options.html#cmdoption-arg-popdensnight>`_,Scalar
preciplimitalb,0,Limit for hourly precipitation when the ground is fully covered with snow. Then snow albedo is reset to AlbedoMax [mm],`PrecipLimAlb <https://suews-docs.readthedocs.io/en/latest/input_files/SUEWS_SiteInfo/Input_Options.html#cmdoption-arg-preciplimalb>`_,Scalar
s1,0,A parameter related to soil moisture dependence [-],`S1 <https://suews-docs.readthedocs.io/en/latest/input_files/SUEWS_SiteInfo/Input_Options.html#cmdoption-arg-s1>`_,Scalar
faut,0,Fraction of irrigated area that is irrigated using automated systems,`Faut <https://suews-docs.readthedocs.io/en/latest/input_files/SUEWS_SiteInfo/Input_Options.html#cmdoption-arg-faut>`_,Scalar
capmin_dec,0,Minimum water storage capacity for upper surfaces (i.e. canopy).,`StorageMin <https://suews-docs.readthedocs.io/en/latest/input_files/SUEWS_SiteInfo/Input_Options.html#cmdoption-arg-storagemin>`_,Scalar
minqfmetab,0,Minimum value for human heat emission. [W |m^-2|],`MinQFMetab <https://suews-docs.readthedocs.io/en/latest/input_files/SUEWS_SiteInfo/Input_Options.html#cmdoption-arg-minqfmetab>`_,Scalar
startdls,0,Start of the day light savings [DOY],`StartDLS <https://suews-docs.readthedocs.io/en/latest/input_files/SUEWS_SiteInfo/Input_Options.html#cmdoption-arg-startdls>`_,Scalar
basete,"(3,)",Base temperature for initiating sensesance degree days (SDD) for leaf off. [°C],`BaseTe <https://suews-docs.readthedocs.io/en/latest/input_files/SUEWS_SiteInfo/Input_Options.html#cmdoption-arg-basete>`_,3: See variable description for specifics
cpanohm,"(7,)",Volumetric heat capacity for this surface to use in AnOHM [J |m^-3|],`AnOHM_Cp <https://suews-docs.readthedocs.io/en/latest/input_files/SUEWS_SiteInfo/Input_Options.html#cmdoption-arg-anohm-cp>`_,"7: Seven SUEWS land cover types ordered as `Paved`, `Bldgs`, `EveTr`, `DecTr`, `Grass`, `BSoil` and `Water`"
albmin_dectr,0,Effective surface albedo (middle of the day value) for wintertime (not including snow).,`AlbedoMin <https://suews-docs.readthedocs.io/en/latest/input_files/SUEWS_SiteInfo/Input_Options.html#cmdoption-arg-albedomin>`_,Scalar
aerodynamicresistancemethod,0,Internal use. Please DO NOT modify,None,Scalar
diagnose,0,Internal use. Please DO NOT modify,None,Scalar
diagqn,0,Internal use. Please DO NOT modify,None,Scalar
diagqs,0,Internal use. Please DO NOT modify,None,Scalar
emissionsmethod,0,Determines method for QF calculation.,`EmissionsMethod <https://suews-docs.readthedocs.io/en/latest/input_files/RunControl/scheme_options.html#cmdoption-arg-emissionsmethod>`_,Scalar
evapmethod,0,Internal use. Please DO NOT modify,None,Scalar
laicalcyes,0,Internal use. Please DO NOT modify,None,Scalar
netradiationmethod,0,Determines method for calculation of radiation fluxes.,`NetRadiationMethod <https://suews-docs.readthedocs.io/en/latest/input_files/RunControl/scheme_options.html#cmdoption-arg-netradiationmethod>`_,Scalar
ohmincqf,0,Determines whether the storage heat flux calculation uses |Qstar| or ( |Qstar| +QF).,`OHMIncQF <https://suews-docs.readthedocs.io/en/latest/input_files/RunControl/scheme_options.html#cmdoption-arg-ohmincqf>`_,Scalar
roughlenheatmethod,0,Determines method for calculating roughness length for heat.,`RoughLenHeatMethod <https://suews-docs.readthedocs.io/en/latest/input_files/RunControl/scheme_options.html#cmdoption-arg-roughlenheatmethod>`_,Scalar
roughlenmommethod,0,Determines how aerodynamic roughness length (z0m) and zero displacement height (zdm) are calculated.,`RoughLenMomMethod <https://suews-docs.readthedocs.io/en/latest/input_files/RunControl/scheme_options.html#cmdoption-arg-roughlenmommethod>`_,Scalar
smdmethod,0,Determines method for calculating soil moisture deficit (SMD).,`SMDMethod <https://suews-docs.readthedocs.io/en/latest/input_files/RunControl/scheme_options.html#cmdoption-arg-smdmethod>`_,Scalar
snowuse,0,Determines whether the snow part of the model runs.,`SnowUse <https://suews-docs.readthedocs.io/en/latest/input_files/RunControl/scheme_options.html#cmdoption-arg-snowuse>`_,Scalar
stabilitymethod,0,Defines which atmospheric stability functions are used.,`StabilityMethod <https://suews-docs.readthedocs.io/en/latest/input_files/RunControl/scheme_options.html#cmdoption-arg-stabilitymethod>`_,Scalar
storageheatmethod,0,Determines method for calculating storage heat flux ΔQS.,`StorageHeatMethod <https://suews-docs.readthedocs.io/en/latest/input_files/RunControl/scheme_options.html#cmdoption-arg-storageheatmethod>`_,Scalar
tstep,0,Specifies the model time step [s].,`Tstep <https://suews-docs.readthedocs.io/en/latest/input_files/RunControl/Time_related_options.html#cmdoption-arg-tstep>`_,Scalar
veg_type,0,Internal use. Please DO NOT modify,None,Scalar
waterusemethod,0,Defines how external water use is calculated.,`WaterUseMethod <https://suews-docs.readthedocs.io/en/latest/input_files/RunControl/scheme_options.html#cmdoption-arg-waterusemethod>`_,Scalar
albdectr_id,0,Albedo of deciduous surface `DecTr` on day 0 of run,`albDecTr0 <https://suews-docs.readthedocs.io/en/latest/input_files/Initial_Conditions/Vegetation_parameters.html#cmdoption-arg-albdectr0>`_,Scalar
albevetr_id,0,Albedo of evergreen surface `EveTr` on day 0 of run,`albEveTr0 <https://suews-docs.readthedocs.io/en/latest/input_files/Initial_Conditions/Vegetation_parameters.html#cmdoption-arg-albevetr0>`_,Scalar
albgrass_id,0,Albedo of grass surface `Grass` on day 0 of run,`albGrass0 <https://suews-docs.readthedocs.io/en/latest/input_files/Initial_Conditions/Vegetation_parameters.html#cmdoption-arg-albgrass0>`_,Scalar
decidcap_id,0,Storage capacity of deciduous surface `DecTr` on day 0 of run.,`decidCap0 <https://suews-docs.readthedocs.io/en/latest/input_files/Initial_Conditions/Vegetation_parameters.html#cmdoption-arg-decidcap0>`_,Scalar
lai_id,"(3,)",Initial LAI values.,"`LAIinitialDecTr <https://suews-docs.readthedocs.io/en/latest/input_files/Initial_Conditions/Vegetation_parameters.html#cmdoption-arg-laiinitialdectr>`_, `LAIinitialEveTr <https://suews-docs.readthedocs.io/en/latest/input_files/Initial_Conditions/Vegetation_parameters.html#cmdoption-arg-laiinitialevetr>`_, `LAIinitialGrass <https://suews-docs.readthedocs.io/en/latest/input_files/Initial_Conditions/Vegetation_parameters.html#cmdoption-arg-laiinitialgrass>`_",3: See variable description for specifics
porosity_id,0,Porosity of deciduous vegetation on day 0 of run.,`porosity0 <https://suews-docs.readthedocs.io/en/latest/input_files/Initial_Conditions/Vegetation_parameters.html#cmdoption-arg-porosity0>`_,Scalar
snowalb,0,Initial snow albedo,`SnowAlb0 <https://suews-docs.readthedocs.io/en/latest/input_files/Initial_Conditions/Snow_related_parameters.html#cmdoption-arg-snowalb0>`_,Scalar
snowdens,"(7,)",Initial snow density of each land cover.,"`SnowDensBldgs <https://suews-docs.readthedocs.io/en/latest/input_files/Initial_Conditions/Snow_related_parameters.html#cmdoption-arg-snowdensbldgs>`_, `SnowDensPaved <https://suews-docs.readthedocs.io/en/latest/input_files/Initial_Conditions/Snow_related_parameters.html#cmdoption-arg-snowdenspaved>`_, `SnowDensDecTr <https://suews-docs.readthedocs.io/en/latest/input_files/Initial_Conditions/Snow_related_parameters.html#cmdoption-arg-snowdensdectr>`_, `SnowDensEveTr <https://suews-docs.readthedocs.io/en/latest/input_files/Initial_Conditions/Snow_related_parameters.html#cmdoption-arg-snowdensevetr>`_, `SnowDensGrass <https://suews-docs.readthedocs.io/en/latest/input_files/Initial_Conditions/Snow_related_parameters.html#cmdoption-arg-snowdensgrass>`_, `SnowDensBSoil <https://suews-docs.readthedocs.io/en/latest/input_files/Initial_Conditions/Snow_related_parameters.html#cmdoption-arg-snowdensbsoil>`_, `SnowDensWater <https://suews-docs.readthedocs.io/en/latest/input_files/Initial_Conditions/Snow_related_parameters.html#cmdoption-arg-snowdenswater>`_","7: Seven SUEWS land cover types ordered as `Paved`, `Bldgs`, `EveTr`, `DecTr`, `Grass`, `BSoil` and `Water`"
snowfrac,"(7,)",Initial plan area fraction of snow on each land cover`,"`SnowFracBldgs <https://suews-docs.readthedocs.io/en/latest/input_files/Initial_Conditions/Snow_related_parameters.html#cmdoption-arg-snowfracbldgs>`_, `SnowFracPaved <https://suews-docs.readthedocs.io/en/latest/input_files/Initial_Conditions/Snow_related_parameters.html#cmdoption-arg-snowfracpaved>`_, `SnowFracDecTr <https://suews-docs.readthedocs.io/en/latest/input_files/Initial_Conditions/Snow_related_parameters.html#cmdoption-arg-snowfracdectr>`_, `SnowFracEveTr <https://suews-docs.readthedocs.io/en/latest/input_files/Initial_Conditions/Snow_related_parameters.html#cmdoption-arg-snowfracevetr>`_, `SnowFracGrass <https://suews-docs.readthedocs.io/en/latest/input_files/Initial_Conditions/Snow_related_parameters.html#cmdoption-arg-snowfracgrass>`_, `SnowFracBSoil <https://suews-docs.readthedocs.io/en/latest/input_files/Initial_Conditions/Snow_related_parameters.html#cmdoption-arg-snowfracbsoil>`_, `SnowFracWater <https://suews-docs.readthedocs.io/en/latest/input_files/Initial_Conditions/Snow_related_parameters.html#cmdoption-arg-snowfracwater>`_","7: Seven SUEWS land cover types ordered as `Paved`, `Bldgs`, `EveTr`, `DecTr`, `Grass`, `BSoil` and `Water`"
snowpack,"(7,)",Initial snow water equivalent on each land cover,"`SnowPackBldgs <https://suews-docs.readthedocs.io/en/latest/input_files/Initial_Conditions/Snow_related_parameters.html#cmdoption-arg-snowpackbldgs>`_, `SnowPackPaved <https://suews-docs.readthedocs.io/en/latest/input_files/Initial_Conditions/Snow_related_parameters.html#cmdoption-arg-snowpackpaved>`_, `SnowPackDecTr <https://suews-docs.readthedocs.io/en/latest/input_files/Initial_Conditions/Snow_related_parameters.html#cmdoption-arg-snowpackdectr>`_, `SnowPackEveTr <https://suews-docs.readthedocs.io/en/latest/input_files/Initial_Conditions/Snow_related_parameters.html#cmdoption-arg-snowpackevetr>`_, `SnowPackGrass <https://suews-docs.readthedocs.io/en/latest/input_files/Initial_Conditions/Snow_related_parameters.html#cmdoption-arg-snowpackgrass>`_, `SnowPackBSoil <https://suews-docs.readthedocs.io/en/latest/input_files/Initial_Conditions/Snow_related_parameters.html#cmdoption-arg-snowpackbsoil>`_, `SnowPackWater <https://suews-docs.readthedocs.io/en/latest/input_files/Initial_Conditions/Snow_related_parameters.html#cmdoption-arg-snowpackwater>`_","7: Seven SUEWS land cover types ordered as `Paved`, `Bldgs`, `EveTr`, `DecTr`, `Grass`, `BSoil` and `Water`"
snowwater,"(7,)",Initial amount of liquid water in the snow on each land cover,"`SnowWaterBldgsState <https://suews-docs.readthedocs.io/en/latest/input_files/Initial_Conditions/Snow_related_parameters.html#cmdoption-arg-snowwaterbldgsstate>`_, `SnowWaterPavedState <https://suews-docs.readthedocs.io/en/latest/input_files/Initial_Conditions/Snow_related_parameters.html#cmdoption-arg-snowwaterpavedstate>`_, `SnowWaterDecTrState <https://suews-docs.readthedocs.io/en/latest/input_files/Initial_Conditions/Snow_related_parameters.html#cmdoption-arg-snowwaterdectrstate>`_, `SnowWaterEveTrState <https://suews-docs.readthedocs.io/en/latest/input_files/Initial_Conditions/Snow_related_parameters.html#cmdoption-arg-snowwaterevetrstate>`_, `SnowWaterGrassState <https://suews-docs.readthedocs.io/en/latest/input_files/Initial_Conditions/Snow_related_parameters.html#cmdoption-arg-snowwatergrassstate>`_, `SnowWaterBSoilState <https://suews-docs.readthedocs.io/en/latest/input_files/Initial_Conditions/Snow_related_parameters.html#cmdoption-arg-snowwaterbsoilstate>`_, `SnowWaterWaterState <https://suews-docs.readthedocs.io/en/latest/input_files/Initial_Conditions/Snow_related_parameters.html#cmdoption-arg-snowwaterwaterstate>`_","7: Seven SUEWS land cover types ordered as `Paved`, `Bldgs`, `EveTr`, `DecTr`, `Grass`, `BSoil` and `Water`"
soilstore_id,"(7,)",Initial water stored in soil beneath each land cover,"`SoilstoreBldgsState <https://suews-docs.readthedocs.io/en/latest/input_files/Initial_Conditions/Soil_moisture_states.html#cmdoption-arg-soilstorebldgsstate>`_, `SoilstorePavedState <https://suews-docs.readthedocs.io/en/latest/input_files/Initial_Conditions/Soil_moisture_states.html#cmdoption-arg-soilstorepavedstate>`_, `SoilstoreDecTrState <https://suews-docs.readthedocs.io/en/latest/input_files/Initial_Conditions/Soil_moisture_states.html#cmdoption-arg-soilstoredectrstate>`_, `SoilstoreEveTrState <https://suews-docs.readthedocs.io/en/latest/input_files/Initial_Conditions/Soil_moisture_states.html#cmdoption-arg-soilstoreevetrstate>`_, `SoilstoreGrassState <https://suews-docs.readthedocs.io/en/latest/input_files/Initial_Conditions/Soil_moisture_states.html#cmdoption-arg-soilstoregrassstate>`_, `SoilstoreBSoilState <https://suews-docs.readthedocs.io/en/latest/input_files/Initial_Conditions/Soil_moisture_states.html#cmdoption-arg-soilstorebsoilstate>`_","7: Seven SUEWS land cover types ordered as `Paved`, `Bldgs`, `EveTr`, `DecTr`, `Grass`, `BSoil` and `Water`"
state_id,"(7,)",Initial wetness condition on each land cover,"`BldgsState <https://suews-docs.readthedocs.io/en/latest/input_files/Initial_Conditions/Above_ground_state.html#cmdoption-arg-bldgsstate>`_, `PavedState <https://suews-docs.readthedocs.io/en/latest/input_files/Initial_Conditions/Above_ground_state.html#cmdoption-arg-pavedstate>`_, `DecTrState <https://suews-docs.readthedocs.io/en/latest/input_files/Initial_Conditions/Above_ground_state.html#cmdoption-arg-dectrstate>`_, `EveTrState <https://suews-docs.readthedocs.io/en/latest/input_files/Initial_Conditions/Above_ground_state.html#cmdoption-arg-evetrstate>`_, `GrassState <https://suews-docs.readthedocs.io/en/latest/input_files/Initial_Conditions/Above_ground_state.html#cmdoption-arg-grassstate>`_, `BSoilState <https://suews-docs.readthedocs.io/en/latest/input_files/Initial_Conditions/Above_ground_state.html#cmdoption-arg-bsoilstate>`_, `WaterState <https://suews-docs.readthedocs.io/en/latest/input_files/Initial_Conditions/Above_ground_state.html#cmdoption-arg-waterstate>`_","7: Seven SUEWS land cover types ordered as `Paved`, `Bldgs`, `EveTr`, `DecTr`, `Grass`, `BSoil` and `Water`"
